transaction_id,user_id,product_id,quantity,unit_price,total_amount,discount_applied,final_amount,payment_method,transaction_date,delivery_address,order_status,shipping_cost,delivery_date
txn_54f03a16,user_00199,prod_00176,2,778.57,1557.14,110.64,1446.5,e_wallet,2026-03-29 11:41:18,"Bandung, Indonesia",completed,23.26,2026-04-05
txn_f74d37f1,user_00216,prod_00063,1,1436.92,1436.92,72.1,1364.82,e_wallet,2026-02-28 11:41:18,"Tangerang, Indonesia",completed,18.7,2026-03-04
txn_84814a12,user_00677,prod_00165,3,1400.99,4202.97,726.24,3476.73,debit_card,2026-03-29 11:41:18,"Medan, Indonesia",pending,16.01,2026-04-05
txn_20be6f9a,user_00752,prod_00215,3,949.08,2847.24,285.74,2561.5,bank_transfer,2026-01-29 11:41:18,"Jakarta, Indonesia",processing,18.06,2026-02-05
txn_c5a38058,user_00761,prod_00052,1,225.82,225.82,39.12,186.7,bank_transfer,2026-03-09 11:41:18,"Palembang, Indonesia",completed,26.89,2026-03-14
txn_b8630c6c,user_00298,prod_00138,2,1819.44,3638.88,446.04,3192.84,credit_card,2026-02-17 11:41:18,"Bandung, Indonesia",completed,18.31,2026-02-23
txn_dfe472d0,user_00569,prod_00440,1,325.32,325.32,9.95,315.37,credit_card,2026-03-14 11:41:18,"Surabaya, Indonesia",pending,12.3,2026-03-18
txn_f2b57dbd,user_00432,prod_00219,2,1655.93,3311.86,596.39,2715.47,bank_transfer,2026-01-24 11:41:18,"Palembang, Indonesia",completed,12.3,2026-01-29
txn_d696a8fc,user_00861,prod_00383,1,940.0,940.0,69.08,870.92,debit_card,2026-01-09 11:41:18,"Depok, Indonesia",completed,16.02,2026-01-13
txn_1f5e7bb3,user_00827,prod_00447,1,1445.69,1445.69,130.28,1315.41,e_wallet,2026-02-15 11:41:18,"Makassar, Indonesia",cancelled,20.56,2026-02-21
txn_3d08eb13,user_00995,prod_00043,3,1310.24,3930.72,76.6,3854.12,e_wallet,2026-01-19 11:41:18,"Palembang, Indonesia",completed,22.45,2026-01-25
txn_fb8d374c,user_00665,prod_00476,2,297.28,594.56,58.4,536.16,e_wallet,2026-02-07 11:41:18,"Surabaya, Indonesia",completed,27.25,2026-02-10
txn_1c524cf7,user_00786,prod_00499,2,1014.01,2028.02,376.3,1651.72,credit_card,2026-03-29 11:41:18,"Jakarta, Indonesia",processing,24.87,2026-04-01
txn_38cf6947,user_00353,prod_00454,1,679.89,679.89,15.52,664.37,credit_card,2026-03-13 11:41:18,"Surabaya, Indonesia",pending,29.79,2026-03-18
txn_fec67152,user_00158,prod_00293,3,167.94,503.82,21.51,482.31,bank_transfer,2026-03-29 11:41:18,"Surabaya, Indonesia",completed,10.22,2026-04-02
txn_be101015,user_00378,prod_00073,2,1074.37,2148.74,80.2,2068.54,debit_card,2026-02-03 11:41:18,"Surabaya, Indonesia",pending,14.89,2026-02-09
txn_dd916f3d,user_00555,prod_00327,1,751.17,751.17,113.96,637.21,debit_card,2026-02-21 11:41:18,"Surabaya, Indonesia",completed,15.28,2026-02-23
txn_1cd1bc9c,user_00771,prod_00222,2,1290.33,2580.66,303.64,2277.02,e_wallet,2026-01-04 11:41:18,"Makassar, Indonesia",pending,20.22,2026-01-07
txn_2232836e,user_00186,prod_00063,1,1436.92,1436.92,252.14,1184.78,credit_card,2026-03-22 11:41:18,"Bandung, Indonesia",cancelled,18.62,2026-03-28
txn_e0f5c303,user_00334,prod_00438,1,636.85,636.85,31.04,605.81,e_wallet,2026-01-25 11:41:18,"Semarang, Indonesia",completed,22.98,2026-01-31
txn_30db9f39,user_00639,prod_00247,1,78.49,78.49,10.27,68.22,debit_card,2026-02-07 11:41:18,"Palembang, Indonesia",pending,29.61,2026-02-10
txn_bddc0bd3,user_00426,prod_00384,3,721.31,2163.93,84.45,2079.48,bank_transfer,2026-03-18 11:41:18,"Surabaya, Indonesia",completed,28.15,2026-03-22
txn_fcc1bb9e,user_00077,prod_00256,3,870.54,2611.62,247.19,2364.43,credit_card,2026-02-22 11:41:18,"Medan, Indonesia",processing,14.03,2026-02-24
txn_146ab049,user_00375,prod_00159,2,67.42,134.84,22.59,112.25,bank_transfer,2026-03-25 11:41:18,"Depok, Indonesia",processing,27.24,2026-03-30
txn_8b777901,user_00642,prod_00280,3,506.77,1520.31,53.24,1467.07,debit_card,2026-01-06 11:41:18,"Jakarta, Indonesia",processing,17.18,2026-01-09
txn_dadbdfb2,user_00270,prod_00490,2,1256.1,2512.2,117.71,2394.49,credit_card,2026-02-17 11:41:18,"Jakarta, Indonesia",completed,24.15,2026-02-19
txn_b8c5366b,user_00597,prod_00292,3,1212.5,3637.5,41.2,3596.3,credit_card,2026-02-25 11:41:18,"Bekasi, Indonesia",pending,20.47,2026-03-03
txn_4ea063f4,user_00526,prod_00305,2,1185.07,2370.14,74.73,2295.41,debit_card,2026-02-02 11:41:18,"Medan, Indonesia",completed,24.64,2026-02-06
txn_1404316a,user_00349,prod_00302,2,104.53,209.06,14.96,194.1,credit_card,2026-03-15 11:41:18,"Bandung, Indonesia",cancelled,22.44,2026-03-18
txn_cb0cabbc,user_00554,prod_00480,1,408.33,408.33,15.3,393.03,credit_card,2026-01-09 11:41:18,"Semarang, Indonesia",completed,13.26,2026-01-16
txn_4367d46d,user_00403,prod_00228,1,80.59,80.59,9.81,70.78,credit_card,2026-01-03 11:41:18,"Bandung, Indonesia",completed,19.37,2026-01-10
txn_405c56fb,user_00527,prod_00071,1,508.13,508.13,8.14,499.99,debit_card,2026-03-08 11:41:18,"Makassar, Indonesia",processing,19.26,2026-03-10
txn_48bfe192,user_00378,prod_00045,2,399.8,799.6,94.47,705.13,bank_transfer,2026-01-03 11:41:18,"Surabaya, Indonesia",processing,20.38,2026-01-10
txn_9bf78a7c,user_00285,prod_00291,3,251.8,755.4,66.12,689.28,bank_transfer,2026-01-11 11:41:18,"Makassar, Indonesia",processing,12.46,2026-01-13
txn_4146f1ea,user_00760,prod_00355,3,414.91,1244.73,112.15,1132.58,e_wallet,2026-01-19 11:41:18,"Medan, Indonesia",completed,12.17,2026-01-24
txn_45a754a1,user_00871,prod_00078,2,733.29,1466.58,131.91,1334.67,debit_card,2026-02-21 11:41:18,"Bekasi, Indonesia",processing,27.85,2026-02-25
txn_949e4afc,user_00336,prod_00424,3,1294.43,3883.29,410.01,3473.28,e_wallet,2026-02-17 11:41:18,"Jakarta, Indonesia",completed,14.31,2026-02-23
txn_1cca2675,user_00381,prod_00400,1,1885.04,1885.04,190.67,1694.37,credit_card,2026-01-28 11:41:18,"Makassar, Indonesia",completed,29.21,2026-02-03
txn_4588fcf3,user_00833,prod_00195,3,1099.98,3299.94,241.6,3058.34,e_wallet,2026-02-09 11:41:18,"Medan, Indonesia",completed,18.95,2026-02-12
txn_16c9d3b3,user_00768,prod_00119,2,480.47,960.94,31.91,929.03,e_wallet,2026-01-17 11:41:18,"Jakarta, Indonesia",completed,26.05,2026-01-19
txn_f249f27b,user_00976,prod_00229,3,1204.39,3613.17,520.16,3093.01,e_wallet,2026-03-19 11:41:18,"Bandung, Indonesia",completed,13.95,2026-03-21
txn_f8aa63a5,user_00992,prod_00001,2,1300.15,2600.3,224.34,2375.96,e_wallet,2026-02-14 11:41:18,"Surabaya, Indonesia",pending,19.97,2026-02-16
txn_9a48e8e3,user_00604,prod_00422,3,1516.54,4549.62,238.67,4310.95,bank_transfer,2026-03-17 11:41:18,"Tangerang, Indonesia",completed,15.6,2026-03-20
txn_51162368,user_00926,prod_00191,1,1212.45,1212.45,153.64,1058.81,credit_card,2026-02-25 11:41:18,"Bekasi, Indonesia",pending,20.56,2026-02-28
txn_7bb005d0,user_00346,prod_00146,2,429.23,858.46,54.79,803.67,debit_card,2026-02-07 11:41:18,"Makassar, Indonesia",cancelled,13.71,2026-02-13
txn_2ccd7814,user_00384,prod_00355,1,414.91,414.91,33.64,381.27,debit_card,2026-01-20 11:41:18,"Medan, Indonesia",pending,18.99,2026-01-27
txn_d21ad938,user_00421,prod_00078,1,733.29,733.29,87.86,645.43,credit_card,2026-02-07 11:41:18,"Medan, Indonesia",completed,14.37,2026-02-14
txn_05306bb2,user_00426,prod_00444,3,1029.61,3088.83,533.85,2554.98,credit_card,2026-03-30 11:41:18,"Surabaya, Indonesia",pending,26.77,2026-04-02
txn_de0d9803,user_00994,prod_00125,2,703.74,1407.48,202.63,1204.85,bank_transfer,2026-02-25 11:41:18,"Makassar, Indonesia",completed,17.02,2026-03-01
txn_f3179d28,user_00696,prod_00249,1,271.93,271.93,18.88,253.05,credit_card,2026-01-13 11:41:18,"Makassar, Indonesia",completed,28.2,2026-01-19
txn_27cc880e,user_00408,prod_00367,2,544.16,1088.32,150.84,937.48,debit_card,2026-01-24 11:41:18,"Surabaya, Indonesia",pending,14.77,2026-01-30
txn_9563e174,user_00063,prod_00089,2,52.99,105.98,10.75,95.23,credit_card,2026-01-11 11:41:18,"Surabaya, Indonesia",pending,13.43,2026-01-16
txn_7f283c55,user_00663,prod_00405,2,634.23,1268.46,124.54,1143.92,debit_card,2026-03-13 11:41:18,"Medan, Indonesia",completed,22.46,2026-03-15
txn_ad15f4d2,user_00308,prod_00047,3,1087.83,3263.49,623.08,2640.41,credit_card,2026-02-14 11:41:18,"Surabaya, Indonesia",completed,16.17,2026-02-19
txn_ec31c45e,user_00385,prod_00436,1,1580.84,1580.84,201.87,1378.97,bank_transfer,2026-03-03 11:41:18,"Medan, Indonesia",completed,21.22,2026-03-06
txn_571e1056,user_00331,prod_00090,1,701.65,701.65,67.19,634.46,e_wallet,2026-01-08 11:41:18,"Bekasi, Indonesia",pending,21.85,2026-01-13
txn_eb41659d,user_00169,prod_00143,2,821.93,1643.86,53.35,1590.51,e_wallet,2026-02-06 11:41:18,"Depok, Indonesia",processing,21.0,2026-02-08
txn_6bbe5936,user_00745,prod_00002,3,713.89,2141.67,65.56,2076.11,credit_card,2026-01-22 11:41:18,"Makassar, Indonesia",processing,23.81,2026-01-29
txn_79c49ed5,user_00867,prod_00437,2,1348.39,2696.78,370.1,2326.68,bank_transfer,2026-03-13 11:41:18,"Jakarta, Indonesia",pending,19.01,2026-03-20
txn_9ecf44bf,user_00667,prod_00088,2,719.36,1438.72,46.25,1392.47,credit_card,2026-01-11 11:41:18,"Depok, Indonesia",completed,14.49,2026-01-13
txn_3533b295,user_00582,prod_00303,2,923.89,1847.78,44.9,1802.88,debit_card,2026-03-17 11:41:18,"Bekasi, Indonesia",completed,12.17,2026-03-19
txn_cd4fdb50,user_00378,prod_00207,1,1863.64,1863.64,182.6,1681.04,e_wallet,2026-01-07 11:41:18,"Surabaya, Indonesia",completed,15.79,2026-01-12
txn_3378d3fa,user_00098,prod_00105,3,600.47,1801.41,236.29,1565.12,bank_transfer,2026-01-03 11:41:18,"Bekasi, Indonesia",pending,19.52,2026-01-09
txn_5ae393ed,user_00979,prod_00106,1,1413.34,1413.34,105.61,1307.73,credit_card,2026-03-16 11:41:18,"Surabaya, Indonesia",processing,24.56,2026-03-19
txn_6eecadfd,user_00823,prod_00257,1,453.73,453.73,45.33,408.4,debit_card,2026-02-13 11:41:18,"Bekasi, Indonesia",processing,25.36,2026-02-15
txn_0b1a28e3,user_00821,prod_00177,3,572.56,1717.68,27.44,1690.24,debit_card,2026-03-06 11:41:18,"Depok, Indonesia",completed,18.46,2026-03-12
txn_1caecd90,user_00747,prod_00071,2,508.13,1016.26,104.56,911.7,credit_card,2026-03-08 11:41:18,"Depok, Indonesia",completed,26.61,2026-03-13
txn_a7e3b0bd,user_00233,prod_00361,2,595.47,1190.94,26.65,1164.29,bank_transfer,2026-02-24 11:41:18,"Tangerang, Indonesia",processing,18.69,2026-03-03
txn_b46f9c82,user_00988,prod_00481,2,129.08,258.16,3.42,254.74,bank_transfer,2026-03-03 11:41:18,"Jakarta, Indonesia",processing,29.82,2026-03-05
txn_1353fc3d,user_00985,prod_00026,2,1072.85,2145.7,114.36,2031.34,e_wallet,2026-03-22 11:41:18,"Bandung, Indonesia",completed,15.32,2026-03-25
txn_549ffbb2,user_00329,prod_00120,2,1080.39,2160.78,147.47,2013.31,e_wallet,2026-03-19 11:41:18,"Medan, Indonesia",processing,15.83,2026-03-23
txn_d4b2bd1c,user_00013,prod_00246,1,784.98,784.98,78.82,706.16,e_wallet,2026-01-08 11:41:18,"Surabaya, Indonesia",completed,13.44,2026-01-12
txn_0c23cd4b,user_00071,prod_00445,1,439.56,439.56,43.38,396.18,bank_transfer,2026-02-20 11:41:18,"Medan, Indonesia",processing,28.96,2026-02-25
txn_cb144233,user_00485,prod_00084,1,1584.23,1584.23,300.46,1283.77,e_wallet,2026-03-29 11:41:18,"Surabaya, Indonesia",completed,16.32,2026-04-02
txn_e843385b,user_00905,prod_00232,1,925.91,925.91,128.74,797.17,debit_card,2026-01-11 11:41:18,"Bekasi, Indonesia",pending,11.77,2026-01-14
txn_2b16b04e,user_00777,prod_00423,2,1102.37,2204.74,419.89,1784.85,credit_card,2026-03-29 11:41:18,"Palembang, Indonesia",processing,20.35,2026-03-31
txn_5cfba725,user_00354,prod_00088,2,719.36,1438.72,61.75,1376.97,e_wallet,2026-03-26 11:41:18,"Palembang, Indonesia",cancelled,24.93,2026-04-01
txn_809388e7,user_00131,prod_00185,2,1305.61,2611.22,479.75,2131.47,credit_card,2026-01-30 11:41:18,"Surabaya, Indonesia",completed,15.78,2026-02-06
txn_24d1615c,user_00442,prod_00408,2,889.17,1778.34,179.56,1598.78,debit_card,2026-03-05 11:41:18,"Medan, Indonesia",processing,28.34,2026-03-08
txn_597df14d,user_00391,prod_00219,2,1655.93,3311.86,116.96,3194.9,e_wallet,2026-01-28 11:41:18,"Bandung, Indonesia",pending,14.12,2026-02-03
txn_775c6757,user_00573,prod_00029,1,700.15,700.15,74.29,625.86,bank_transfer,2026-02-21 11:41:18,"Tangerang, Indonesia",completed,28.22,2026-02-25
txn_cd1c62f1,user_00743,prod_00056,1,109.27,109.27,7.63,101.64,debit_card,2026-03-27 11:41:18,"Bandung, Indonesia",processing,13.64,2026-03-30
txn_d3a76bfa,user_00777,prod_00039,2,646.77,1293.54,138.19,1155.35,bank_transfer,2026-01-22 11:41:18,"Palembang, Indonesia",completed,20.13,2026-01-24
txn_ecd0933f,user_00394,prod_00398,1,1084.38,1084.38,136.0,948.38,credit_card,2026-01-09 11:41:18,"Tangerang, Indonesia",cancelled,15.17,2026-01-14
txn_db17a8d2,user_00224,prod_00091,1,167.41,167.41,11.62,155.79,e_wallet,2026-03-12 11:41:18,"Tangerang, Indonesia",processing,12.34,2026-03-15
txn_c53626eb,user_00208,prod_00266,1,1104.49,1104.49,169.63,934.86,bank_transfer,2026-03-19 11:41:18,"Surabaya, Indonesia",pending,19.44,2026-03-24
txn_3b2b1bc9,user_00565,prod_00288,3,1741.78,5225.34,200.2,5025.14,debit_card,2026-03-07 11:41:18,"Depok, Indonesia",completed,10.49,2026-03-09
txn_718c040f,user_00283,prod_00053,1,809.55,809.55,140.1,669.45,debit_card,2026-02-15 11:41:18,"Makassar, Indonesia",processing,21.07,2026-02-19
txn_bfcc967c,user_00213,prod_00118,1,462.44,462.44,56.75,405.69,bank_transfer,2026-02-09 11:41:18,"Bandung, Indonesia",completed,13.38,2026-02-16
txn_d502371c,user_00631,prod_00497,1,109.84,109.84,5.07,104.77,e_wallet,2026-03-11 11:41:18,"Tangerang, Indonesia",pending,14.8,2026-03-17
txn_c8a408a8,user_00473,prod_00239,3,871.12,2613.36,132.67,2480.69,e_wallet,2026-01-04 11:41:18,"Makassar, Indonesia",processing,14.71,2026-01-10
txn_b84fc9d1,user_00033,prod_00439,1,875.96,875.96,170.0,705.96,e_wallet,2026-02-24 11:41:18,"Palembang, Indonesia",processing,11.25,2026-02-28
txn_53a9d608,user_00216,prod_00271,3,593.5,1780.5,345.71,1434.79,bank_transfer,2026-03-19 11:41:18,"Tangerang, Indonesia",completed,16.34,2026-03-23
txn_d15ba5e7,user_00758,prod_00257,2,453.73,907.46,18.5,888.96,bank_transfer,2026-01-31 11:41:18,"Depok, Indonesia",completed,25.88,2026-02-04
txn_31671e21,user_00759,prod_00020,2,659.29,1318.58,170.38,1148.2,credit_card,2026-02-23 11:41:18,"Tangerang, Indonesia",completed,15.81,2026-02-27
txn_cabde801,user_00377,prod_00305,1,1185.07,1185.07,75.94,1109.13,e_wallet,2026-02-24 11:41:18,"Bekasi, Indonesia",processing,17.49,2026-03-02
txn_5fa1ae11,user_00661,prod_00270,3,1336.19,4008.57,167.7,3840.87,debit_card,2026-01-28 11:41:18,"Semarang, Indonesia",cancelled,11.85,2026-02-02
txn_832c9211,user_00483,prod_00467,3,233.53,700.59,109.69,590.9,e_wallet,2026-01-15 11:41:18,"Makassar, Indonesia",pending,20.16,2026-01-19
txn_154b9388,user_00131,prod_00350,3,1158.31,3474.93,427.92,3047.01,e_wallet,2026-01-18 11:41:18,"Surabaya, Indonesia",completed,20.47,2026-01-22
txn_44b21601,user_00244,prod_00260,3,1034.64,3103.92,280.73,2823.19,debit_card,2026-03-15 11:41:18,"Tangerang, Indonesia",processing,22.29,2026-03-20
txn_49ed0491,user_00796,prod_00378,1,706.61,706.61,72.23,634.38,debit_card,2026-02-11 11:41:18,"Tangerang, Indonesia",processing,29.53,2026-02-18
txn_db544ddc,user_00865,prod_00206,1,72.86,72.86,4.33,68.53,credit_card,2026-01-12 11:41:18,"Bekasi, Indonesia",cancelled,28.46,2026-01-14
txn_d8aca87e,user_00589,prod_00272,3,1349.88,4049.64,402.72,3646.92,credit_card,2026-03-02 11:41:18,"Bekasi, Indonesia",processing,14.72,2026-03-04
txn_8f434a25,user_00862,prod_00213,3,1270.95,3812.85,745.16,3067.69,e_wallet,2026-02-19 11:41:18,"Bekasi, Indonesia",processing,24.96,2026-02-22
txn_8c840b1e,user_00471,prod_00220,2,348.33,696.66,123.44,573.22,debit_card,2026-02-11 11:41:18,"Medan, Indonesia",completed,17.81,2026-02-14
txn_0a695ccf,user_00422,prod_00336,3,375.05,1125.15,7.77,1117.38,credit_card,2026-02-18 11:41:18,"Bandung, Indonesia",completed,24.7,2026-02-20
txn_6f9f4710,user_00047,prod_00077,3,657.12,1971.36,66.58,1904.78,e_wallet,2026-02-04 11:41:18,"Surabaya, Indonesia",completed,12.67,2026-02-11
txn_307a19a9,user_00409,prod_00273,1,970.43,970.43,126.27,844.16,credit_card,2026-03-06 11:41:18,"Makassar, Indonesia",completed,25.73,2026-03-09
txn_9522c5f6,user_00195,prod_00407,1,1400.91,1400.91,69.28,1331.63,credit_card,2026-03-12 11:41:18,"Surabaya, Indonesia",processing,29.37,2026-03-19
txn_5cb32746,user_00662,prod_00325,3,969.46,2908.38,146.81,2761.57,bank_transfer,2026-01-05 11:41:18,"Bekasi, Indonesia",processing,28.15,2026-01-07
txn_12cead49,user_00925,prod_00418,1,436.59,436.59,40.77,395.82,credit_card,2026-01-19 11:41:18,"Bandung, Indonesia",processing,22.43,2026-01-21
txn_dd713af6,user_00655,prod_00399,3,406.44,1219.32,194.78,1024.54,debit_card,2026-02-22 11:41:18,"Bekasi, Indonesia",pending,19.35,2026-03-01
txn_ea3b890c,user_00146,prod_00224,1,964.47,964.47,115.63,848.84,debit_card,2026-01-31 11:41:18,"Tangerang, Indonesia",processing,14.55,2026-02-07
txn_88e68f50,user_00320,prod_00461,3,1538.86,4616.58,482.73,4133.85,bank_transfer,2026-01-27 11:41:18,"Bekasi, Indonesia",completed,27.85,2026-02-03
txn_27809278,user_00589,prod_00233,1,655.54,655.54,53.49,602.05,bank_transfer,2026-02-21 11:41:18,"Bekasi, Indonesia",pending,21.37,2026-02-28
txn_d5327d87,user_00320,prod_00187,3,718.21,2154.63,246.46,1908.17,e_wallet,2026-01-03 11:41:18,"Bekasi, Indonesia",completed,13.6,2026-01-09
txn_c89a8175,user_00614,prod_00180,1,1169.89,1169.89,183.05,986.84,debit_card,2026-02-24 11:41:18,"Semarang, Indonesia",processing,19.48,2026-02-27
txn_25b0afab,user_00985,prod_00175,2,584.85,1169.7,125.64,1044.06,e_wallet,2026-02-11 11:41:18,"Bandung, Indonesia",completed,15.9,2026-02-16
txn_03d9a748,user_00502,prod_00106,2,1413.34,2826.68,458.13,2368.55,debit_card,2026-01-27 11:41:18,"Jakarta, Indonesia",completed,18.76,2026-01-31
txn_433024d7,user_00250,prod_00076,2,386.94,773.88,65.05,708.83,credit_card,2026-02-04 11:41:18,"Makassar, Indonesia",processing,21.63,2026-02-11
txn_3f0b554e,user_00436,prod_00356,2,1023.52,2047.04,24.32,2022.72,bank_transfer,2026-03-15 11:41:18,"Depok, Indonesia",processing,20.32,2026-03-20
txn_138fd944,user_00896,prod_00230,2,1080.84,2161.68,111.66,2050.02,debit_card,2026-01-31 11:41:18,"Depok, Indonesia",completed,29.36,2026-02-03
txn_e3772560,user_00369,prod_00213,1,1270.95,1270.95,64.41,1206.54,bank_transfer,2026-03-17 11:41:18,"Palembang, Indonesia",completed,18.13,2026-03-19
txn_ac41086c,user_00219,prod_00121,1,818.09,818.09,20.52,797.57,credit_card,2026-03-30 11:41:18,"Makassar, Indonesia",processing,18.44,2026-04-04
txn_348806a7,user_00651,prod_00426,2,94.05,188.1,7.58,180.52,bank_transfer,2026-01-29 11:41:18,"Bandung, Indonesia",completed,21.31,2026-02-01
txn_2cbc3300,user_00126,prod_00107,3,332.89,998.67,134.02,864.65,bank_transfer,2026-03-27 11:41:18,"Tangerang, Indonesia",completed,26.49,2026-03-30
txn_467e4a68,user_00105,prod_00066,2,291.08,582.16,109.65,472.51,credit_card,2026-02-25 11:41:18,"Semarang, Indonesia",pending,20.91,2026-02-28
txn_74d7944f,user_00423,prod_00442,2,1143.76,2287.52,375.83,1911.69,debit_card,2026-02-03 11:41:18,"Medan, Indonesia",processing,10.47,2026-02-08
txn_fcbf257b,user_00703,prod_00193,2,746.55,1493.1,55.82,1437.28,bank_transfer,2026-02-24 11:41:18,"Tangerang, Indonesia",cancelled,17.13,2026-03-02
txn_3c86357f,user_00816,prod_00115,1,1496.81,1496.81,114.59,1382.22,credit_card,2026-03-17 11:41:18,"Jakarta, Indonesia",pending,22.43,2026-03-22
txn_7cc57e48,user_00007,prod_00252,3,1203.6,3610.8,564.83,3045.97,debit_card,2025-12-30 11:41:18,"Palembang, Indonesia",pending,12.55,2026-01-04
txn_413f5051,user_00181,prod_00016,2,1789.39,3578.78,669.2,2909.58,credit_card,2026-02-23 11:41:18,"Semarang, Indonesia",processing,29.19,2026-03-01
txn_8f3e45f4,user_00118,prod_00352,3,1143.38,3430.14,192.82,3237.32,credit_card,2026-02-21 11:41:18,"Tangerang, Indonesia",completed,19.17,2026-02-24
txn_93b07263,user_00337,prod_00007,2,232.39,464.78,10.92,453.86,e_wallet,2026-02-13 11:41:18,"Medan, Indonesia",processing,16.1,2026-02-15
txn_67cc864f,user_00892,prod_00157,2,973.18,1946.36,304.99,1641.37,debit_card,2026-03-18 11:41:18,"Semarang, Indonesia",cancelled,22.68,2026-03-25
txn_d7d570e7,user_00631,prod_00128,2,969.31,1938.62,331.76,1606.86,credit_card,2026-03-27 11:41:18,"Tangerang, Indonesia",completed,20.53,2026-03-31
txn_f7396234,user_00634,prod_00413,2,587.51,1175.02,40.4,1134.62,bank_transfer,2026-01-08 11:41:18,"Semarang, Indonesia",completed,22.21,2026-01-14
txn_8016dbe5,user_00093,prod_00170,3,1094.5,3283.5,164.08,3119.42,bank_transfer,2026-01-26 11:41:18,"Palembang, Indonesia",completed,11.1,2026-01-31
txn_80f158de,user_00875,prod_00420,3,342.25,1026.75,117.61,909.14,e_wallet,2026-02-14 11:41:18,"Jakarta, Indonesia",pending,16.77,2026-02-16
txn_de7c42d2,user_00934,prod_00239,2,871.12,1742.24,34.15,1708.09,bank_transfer,2026-03-17 11:41:18,"Bandung, Indonesia",processing,13.62,2026-03-20
txn_ada028e8,user_00658,prod_00233,3,655.54,1966.62,52.64,1913.98,bank_transfer,2026-03-28 11:41:18,"Medan, Indonesia",completed,12.26,2026-04-01
txn_22eca406,user_00353,prod_00420,3,342.25,1026.75,159.13,867.62,e_wallet,2026-01-01 11:41:18,"Surabaya, Indonesia",processing,21.82,2026-01-08
txn_653194ab,user_00301,prod_00318,3,1460.54,4381.62,98.52,4283.1,debit_card,2026-02-14 11:41:18,"Surabaya, Indonesia",pending,11.21,2026-02-17
txn_9f3ff432,user_00968,prod_00317,2,297.91,595.82,0.36,595.46,bank_transfer,2026-01-01 11:41:18,"Surabaya, Indonesia",pending,23.58,2026-01-07
txn_6ad9ede4,user_00276,prod_00348,1,1692.08,1692.08,108.02,1584.06,e_wallet,2026-03-14 11:41:18,"Makassar, Indonesia",completed,28.78,2026-03-17
txn_8fdaa591,user_00913,prod_00164,2,678.94,1357.88,172.25,1185.63,bank_transfer,2026-02-07 11:41:18,"Bandung, Indonesia",completed,24.0,2026-02-13
txn_42a53259,user_00914,prod_00321,2,1158.92,2317.84,2.98,2314.86,e_wallet,2026-02-11 11:41:18,"Semarang, Indonesia",pending,18.97,2026-02-13
txn_4d7cd40f,user_00650,prod_00035,2,459.89,919.78,12.89,906.89,e_wallet,2026-01-04 11:41:18,"Tangerang, Indonesia",processing,24.36,2026-01-07
txn_05a67014,user_00750,prod_00431,2,490.23,980.46,175.46,805.0,bank_transfer,2026-01-17 11:41:18,"Medan, Indonesia",pending,15.29,2026-01-21
txn_763a7910,user_00244,prod_00401,1,1037.06,1037.06,184.32,852.74,credit_card,2025-12-30 11:41:18,"Tangerang, Indonesia",completed,16.99,2026-01-02
txn_2b63ec36,user_00439,prod_00229,1,1204.39,1204.39,136.18,1068.21,debit_card,2026-02-17 11:41:18,"Tangerang, Indonesia",pending,19.04,2026-02-23
txn_912783ef,user_00340,prod_00464,1,1301.99,1301.99,132.22,1169.77,debit_card,2026-02-13 11:41:18,"Depok, Indonesia",pending,26.38,2026-02-18
txn_c2f1ec74,user_00768,prod_00176,2,778.57,1557.14,36.97,1520.17,debit_card,2026-03-15 11:41:18,"Jakarta, Indonesia",processing,29.51,2026-03-22
txn_cd548345,user_00578,prod_00153,3,601.72,1805.16,198.76,1606.4,bank_transfer,2026-03-21 11:41:18,"Tangerang, Indonesia",completed,21.12,2026-03-23
txn_f7541a85,user_00634,prod_00336,2,375.05,750.1,44.22,705.88,debit_card,2025-12-30 11:41:18,"Semarang, Indonesia",pending,14.39,2026-01-02
txn_15f4cc4c,user_00729,prod_00116,3,1104.37,3313.11,65.34,3247.77,bank_transfer,2026-01-10 11:41:18,"Makassar, Indonesia",completed,12.81,2026-01-17
txn_48ba6f74,user_00246,prod_00126,3,760.77,2282.31,452.46,1829.85,e_wallet,2026-01-24 11:41:18,"Tangerang, Indonesia",processing,16.13,2026-01-29
txn_fde92047,user_00848,prod_00321,3,1158.92,3476.76,656.53,2820.23,bank_transfer,2026-01-31 11:41:18,"Palembang, Indonesia",pending,29.06,2026-02-02
txn_9a7a93a9,user_00375,prod_00254,3,1288.26,3864.78,270.63,3594.15,credit_card,2026-02-20 11:41:18,"Depok, Indonesia",pending,19.34,2026-02-23
txn_7942a77d,user_00399,prod_00071,3,508.13,1524.39,107.15,1417.24,bank_transfer,2026-03-26 11:41:18,"Bekasi, Indonesia",processing,27.34,2026-04-01
txn_bd1c3bc2,user_00540,prod_00467,3,233.53,700.59,127.3,573.29,bank_transfer,2026-01-26 11:41:18,"Depok, Indonesia",completed,19.16,2026-01-31
txn_eb859cb8,user_00574,prod_00425,2,1026.07,2052.14,253.33,1798.81,debit_card,2026-03-18 11:41:18,"Semarang, Indonesia",pending,18.71,2026-03-21
txn_3528319c,user_00997,prod_00404,3,258.8,776.4,46.73,729.67,e_wallet,2026-03-05 11:41:18,"Depok, Indonesia",processing,13.7,2026-03-08
txn_5a78b092,user_00834,prod_00195,1,1099.98,1099.98,45.31,1054.67,e_wallet,2026-02-15 11:41:18,"Bekasi, Indonesia",pending,12.43,2026-02-19
txn_796b0216,user_00523,prod_00279,3,1172.79,3518.37,676.71,2841.66,credit_card,2026-02-14 11:41:18,"Semarang, Indonesia",completed,26.62,2026-02-18
txn_4669abc7,user_00407,prod_00203,2,635.74,1271.48,134.5,1136.98,credit_card,2026-01-25 11:41:18,"Tangerang, Indonesia",pending,27.68,2026-01-31
txn_470f0bd4,user_00806,prod_00499,3,1014.01,3042.03,591.04,2450.99,debit_card,2026-02-18 11:41:18,"Bandung, Indonesia",completed,14.23,2026-02-23
txn_23cbb5a8,user_00444,prod_00429,1,760.41,760.41,104.24,656.17,e_wallet,2026-02-14 11:41:18,"Depok, Indonesia",pending,14.3,2026-02-18
txn_3e259118,user_00161,prod_00240,3,1395.57,4186.71,564.07,3622.64,debit_card,2026-01-06 11:41:18,"Palembang, Indonesia",completed,19.75,2026-01-08
txn_048d65a4,user_00299,prod_00002,1,713.89,713.89,129.85,584.04,credit_card,2026-03-20 11:41:18,"Tangerang, Indonesia",processing,17.96,2026-03-26
txn_60e771ac,user_00500,prod_00315,2,920.39,1840.78,308.4,1532.38,credit_card,2026-01-07 11:41:18,"Bekasi, Indonesia",completed,15.0,2026-01-09
txn_e856cd8c,user_00876,prod_00140,1,1016.36,1016.36,83.7,932.66,credit_card,2026-01-08 11:41:18,"Palembang, Indonesia",completed,14.56,2026-01-14
txn_96665248,user_00062,prod_00074,3,380.98,1142.94,107.02,1035.92,bank_transfer,2026-01-21 11:41:18,"Makassar, Indonesia",pending,12.31,2026-01-27
txn_cbcd50f9,user_00405,prod_00497,3,109.84,329.52,1.34,328.18,credit_card,2026-02-18 11:41:18,"Depok, Indonesia",completed,26.86,2026-02-24
txn_a65c7609,user_00974,prod_00207,3,1863.64,5590.92,89.36,5501.56,e_wallet,2026-02-01 11:41:18,"Bekasi, Indonesia",pending,11.4,2026-02-07
txn_2e2fb3e2,user_00498,prod_00260,1,1034.64,1034.64,35.1,999.54,bank_transfer,2026-02-15 11:41:18,"Bandung, Indonesia",pending,26.25,2026-02-19
txn_9488acee,user_00961,prod_00070,2,1476.11,2952.22,37.63,2914.59,e_wallet,2026-01-19 11:41:18,"Bekasi, Indonesia",completed,11.38,2026-01-24
txn_757322de,user_00345,prod_00251,2,837.27,1674.54,244.99,1429.55,credit_card,2026-03-13 11:41:18,"Surabaya, Indonesia",completed,22.1,2026-03-17
txn_47462052,user_00487,prod_00325,2,969.46,1938.92,287.72,1651.2,e_wallet,2026-01-09 11:41:18,"Bandung, Indonesia",processing,20.54,2026-01-11
txn_a8636853,user_00407,prod_00415,1,1455.39,1455.39,188.46,1266.93,e_wallet,2026-02-09 11:41:18,"Tangerang, Indonesia",pending,11.54,2026-02-12
txn_ff091937,user_00359,prod_00119,1,480.47,480.47,57.76,422.71,credit_card,2026-03-08 11:41:18,"Bandung, Indonesia",completed,22.09,2026-03-15
txn_2ebdd375,user_00071,prod_00444,3,1029.61,3088.83,399.19,2689.64,debit_card,2026-02-09 11:41:18,"Medan, Indonesia",pending,17.34,2026-02-15
txn_2e9c4284,user_00817,prod_00278,2,652.03,1304.06,63.17,1240.89,bank_transfer,2026-03-18 11:41:18,"Depok, Indonesia",pending,25.45,2026-03-23
txn_60c7ebd1,user_00885,prod_00375,1,368.06,368.06,53.76,314.3,bank_transfer,2026-03-20 11:41:18,"Surabaya, Indonesia",completed,27.91,2026-03-27
txn_d13f2372,user_00667,prod_00434,1,203.07,203.07,23.22,179.85,bank_transfer,2026-02-06 11:41:18,"Depok, Indonesia",completed,18.88,2026-02-11
txn_996b8280,user_00051,prod_00474,3,166.86,500.58,93.09,407.49,credit_card,2026-03-20 11:41:18,"Depok, Indonesia",processing,24.03,2026-03-27
txn_d357d341,user_00560,prod_00431,2,490.23,980.46,172.08,808.38,debit_card,2026-01-19 11:41:18,"Palembang, Indonesia",processing,15.74,2026-01-21
txn_0cff047b,user_00330,prod_00283,1,1141.64,1141.64,202.07,939.57,debit_card,2026-03-03 11:41:18,"Jakarta, Indonesia",completed,10.18,2026-03-10
txn_cec3ad6a,user_00978,prod_00270,2,1336.19,2672.38,482.15,2190.23,bank_transfer,2026-03-04 11:41:18,"Semarang, Indonesia",processing,18.45,2026-03-06
txn_cb471940,user_00590,prod_00210,2,766.32,1532.64,44.75,1487.89,bank_transfer,2026-01-30 11:41:18,"Jakarta, Indonesia",completed,13.14,2026-02-01
txn_5f000c27,user_00785,prod_00069,1,43.48,43.48,1.77,41.71,bank_transfer,2025-12-31 11:41:18,"Makassar, Indonesia",completed,18.71,2026-01-04
txn_6cee30ad,user_00702,prod_00173,1,804.57,804.57,41.91,762.66,debit_card,2026-03-14 11:41:18,"Bandung, Indonesia",completed,10.62,2026-03-21
txn_2a09fb06,user_00313,prod_00238,2,148.1,296.2,36.55,259.65,debit_card,2026-02-13 11:41:18,"Makassar, Indonesia",pending,15.08,2026-02-15
txn_72bf48ee,user_00253,prod_00084,1,1584.23,1584.23,14.95,1569.28,debit_card,2026-03-16 11:41:18,"Palembang, Indonesia",pending,29.21,2026-03-22
txn_dde441a3,user_00154,prod_00078,1,733.29,733.29,114.71,618.58,debit_card,2026-02-09 11:41:18,"Semarang, Indonesia",processing,15.44,2026-02-13
txn_c7dfdaa8,user_00186,prod_00360,2,1726.0,3452.0,264.9,3187.1,debit_card,2026-01-01 11:41:18,"Bandung, Indonesia",completed,21.87,2026-01-08
txn_920db6ee,user_00282,prod_00242,1,1008.12,1008.12,76.39,931.73,e_wallet,2026-01-05 11:41:18,"Medan, Indonesia",completed,28.64,2026-01-09
txn_173181e2,user_00756,prod_00079,3,736.15,2208.45,119.59,2088.86,bank_transfer,2026-01-03 11:41:18,"Medan, Indonesia",processing,26.77,2026-01-07
txn_b87a539b,user_00561,prod_00339,2,718.08,1436.16,117.2,1318.96,e_wallet,2026-01-23 11:41:18,"Makassar, Indonesia",completed,16.63,2026-01-25
txn_a1ff9ff1,user_00903,prod_00022,2,1105.39,2210.78,293.18,1917.6,debit_card,2026-01-19 11:41:18,"Surabaya, Indonesia",pending,29.65,2026-01-21
txn_c655c64a,user_00787,prod_00386,1,1629.35,1629.35,171.32,1458.03,debit_card,2026-03-02 11:41:18,"Medan, Indonesia",completed,28.24,2026-03-06
txn_85e9a076,user_00998,prod_00032,2,1295.9,2591.8,171.93,2419.87,credit_card,2026-02-11 11:41:18,"Bekasi, Indonesia",processing,16.2,2026-02-18
txn_a3a862b5,user_00116,prod_00115,1,1496.81,1496.81,244.81,1252.0,debit_card,2026-03-27 11:41:18,"Jakarta, Indonesia",completed,13.92,2026-04-01
txn_5f5e8775,user_00838,prod_00414,3,773.72,2321.16,317.67,2003.49,e_wallet,2026-03-28 11:41:18,"Tangerang, Indonesia",completed,29.83,2026-03-30
txn_823ed3be,user_00704,prod_00202,1,806.9,806.9,0.59,806.31,e_wallet,2026-03-03 11:41:18,"Bekasi, Indonesia",processing,20.61,2026-03-09
txn_149b66e1,user_00956,prod_00133,2,359.46,718.92,68.16,650.76,credit_card,2026-02-09 11:41:18,"Jakarta, Indonesia",pending,28.77,2026-02-16
txn_d1999930,user_00351,prod_00441,2,1034.9,2069.8,344.01,1725.79,bank_transfer,2026-03-15 11:41:18,"Jakarta, Indonesia",completed,12.69,2026-03-22
txn_9f36aa4d,user_00802,prod_00254,1,1288.26,1288.26,215.16,1073.1,credit_card,2026-03-24 11:41:18,"Bekasi, Indonesia",processing,21.65,2026-03-31
txn_c2652890,user_00926,prod_00250,3,1331.8,3995.4,484.97,3510.43,debit_card,2026-01-06 11:41:18,"Bekasi, Indonesia",processing,21.28,2026-01-12
txn_6de945d2,user_00413,prod_00199,2,1177.08,2354.16,452.04,1902.12,debit_card,2026-03-18 11:41:18,"Bandung, Indonesia",completed,22.39,2026-03-21
txn_8891e562,user_00788,prod_00283,2,1141.64,2283.28,216.32,2066.96,debit_card,2026-01-03 11:41:18,"Makassar, Indonesia",pending,24.5,2026-01-07
txn_4a8a4b8d,user_00799,prod_00044,1,101.72,101.72,15.74,85.98,bank_transfer,2026-01-25 11:41:18,"Bekasi, Indonesia",completed,17.2,2026-01-30
txn_4e3dfabd,user_00341,prod_00092,3,728.97,2186.91,124.97,2061.94,credit_card,2026-01-16 11:41:18,"Bandung, Indonesia",cancelled,16.38,2026-01-18
txn_a1f1b1e3,user_00372,prod_00213,1,1270.95,1270.95,9.06,1261.89,e_wallet,2026-03-10 11:41:18,"Medan, Indonesia",completed,19.19,2026-03-12
txn_72642cd0,user_00511,prod_00435,1,1335.42,1335.42,69.74,1265.68,e_wallet,2026-02-11 11:41:18,"Medan, Indonesia",processing,14.7,2026-02-18
txn_0bd245b0,user_00026,prod_00320,3,835.58,2506.74,349.56,2157.18,e_wallet,2026-01-16 11:41:18,"Depok, Indonesia",completed,24.08,2026-01-19
txn_9c3f7c69,user_00466,prod_00294,1,1575.89,1575.89,254.73,1321.16,debit_card,2026-03-24 11:41:18,"Semarang, Indonesia",pending,27.1,2026-03-30
txn_938571a1,user_00461,prod_00225,2,699.63,1399.26,238.34,1160.92,credit_card,2026-01-22 11:41:18,"Palembang, Indonesia",processing,28.95,2026-01-28
txn_0b9dd754,user_00166,prod_00224,2,964.47,1928.94,275.63,1653.31,bank_transfer,2026-02-25 11:41:18,"Bekasi, Indonesia",pending,25.94,2026-03-04
txn_63657557,user_00538,prod_00248,1,347.8,347.8,25.95,321.85,credit_card,2026-01-08 11:41:18,"Tangerang, Indonesia",completed,25.74,2026-01-15
txn_df5e1120,user_00592,prod_00193,2,746.55,1493.1,135.08,1358.02,debit_card,2026-01-18 11:41:18,"Bekasi, Indonesia",pending,28.83,2026-01-21
txn_9949bb4f,user_00947,prod_00043,1,1310.24,1310.24,184.13,1126.11,bank_transfer,2026-02-16 11:41:18,"Semarang, Indonesia",completed,11.8,2026-02-20
txn_88d70f3c,user_00801,prod_00389,2,1014.75,2029.5,58.41,1971.09,debit_card,2026-03-11 11:41:18,"Bekasi, Indonesia",pending,11.21,2026-03-17
txn_e8822952,user_00988,prod_00072,3,1435.8,4307.4,710.99,3596.41,credit_card,2026-02-12 11:41:18,"Jakarta, Indonesia",pending,15.45,2026-02-15
txn_47361115,user_00022,prod_00493,2,1084.21,2168.42,239.54,1928.88,credit_card,2026-02-19 11:41:18,"Tangerang, Indonesia",processing,11.57,2026-02-25
txn_78ce58b1,user_00638,prod_00171,2,1437.12,2874.24,442.63,2431.61,bank_transfer,2026-01-20 11:41:18,"Bandung, Indonesia",processing,12.87,2026-01-26
txn_c0f72782,user_00815,prod_00031,2,115.42,230.84,22.14,208.7,credit_card,2026-01-08 11:41:18,"Bekasi, Indonesia",pending,24.14,2026-01-15
txn_83245a27,user_00979,prod_00427,1,441.8,441.8,58.42,383.38,e_wallet,2026-01-06 11:41:18,"Surabaya, Indonesia",cancelled,23.95,2026-01-08
txn_5c8be59f,user_00637,prod_00134,2,1467.6,2935.2,231.27,2703.93,debit_card,2026-02-04 11:41:18,"Tangerang, Indonesia",pending,22.9,2026-02-11
txn_aae9a82f,user_00289,prod_00053,3,809.55,2428.65,23.57,2405.08,debit_card,2026-02-27 11:41:18,"Palembang, Indonesia",completed,14.86,2026-03-04
txn_82207804,user_00985,prod_00451,1,706.23,706.23,15.9,690.33,debit_card,2026-03-03 11:41:18,"Bandung, Indonesia",pending,19.72,2026-03-05
txn_030320f4,user_00301,prod_00220,1,348.33,348.33,67.93,280.4,bank_transfer,2026-01-08 11:41:18,"Surabaya, Indonesia",cancelled,25.97,2026-01-11
txn_6518a873,user_00274,prod_00340,2,1294.11,2588.22,44.47,2543.75,credit_card,2026-02-02 11:41:18,"Bandung, Indonesia",cancelled,23.03,2026-02-09
txn_681aae71,user_00778,prod_00425,2,1026.07,2052.14,400.18,1651.96,e_wallet,2026-02-12 11:41:18,"Depok, Indonesia",completed,12.84,2026-02-18
txn_e0248ff3,user_00188,prod_00072,2,1435.8,2871.6,543.07,2328.53,e_wallet,2026-02-01 11:41:18,"Palembang, Indonesia",pending,11.72,2026-02-05
txn_00604e41,user_00477,prod_00352,1,1143.38,1143.38,83.45,1059.93,bank_transfer,2026-01-13 11:41:18,"Surabaya, Indonesia",processing,25.19,2026-01-16
